Climate,Annual heating demand (MWh),Annual cooling demand (MWh),"NPV, heating only (£m)"
Today,8355.0,1500.630727812198,-23.384834920000003
2050 (central),7051.3,5523.981021728458,-23.92567466
